epoch,time,train/box_loss,train/seg_loss,train/cls_loss,train/dfl_loss,train/sem_loss,metrics/precision(B),metrics/recall(B),metrics/mAP50(B),metrics/mAP50-95(B),metrics/precision(M),metrics/recall(M),metrics/mAP50(M),metrics/mAP50-95(M),val/box_loss,val/seg_loss,val/cls_loss,val/dfl_loss,val/sem_loss,lr/pg0,lr/pg1,lr/pg2
1,134.143,1.30101,2.44553,7.21017,1.23216,0,0.53398,0.4105,0.39097,0.25291,0.26941,0.11176,0.08594,0.04105,1.47537,22.2412,6.87577,1.35133,0,9.90099e-05,9.90099e-05,0.090198
2,233.208,1.05056,1.69489,4.15852,1.04674,0,0.54812,0.549,0.5589,0.37649,0.20771,0.17833,0.16185,0.06387,1.30488,16.8659,5.31198,1.24403,0,0.000198025,0.000198025,0.080297
3,334.887,1.02733,1.56181,3.84357,1.0317,0,0.64304,0.72235,0.69914,0.5227,0.37742,0.36463,0.34795,0.15789,1.14367,3.50292,4.27664,1.12683,0,0.00029605,0.00029605,0.0703951
4,436.669,1.01502,1.53093,3.68624,1.03159,0,0.72494,0.73208,0.7607,0.57953,0.67689,0.68809,0.68146,0.38745,1.11572,2.24812,3.67775,1.11845,0,0.000393085,0.000393085,0.0604921
5,536.643,0.99797,1.44092,3.4923,1.01941,0,0.71301,0.72764,0.76316,0.56429,0.69252,0.71142,0.73523,0.4723,1.18263,1.78871,4.11355,1.13148,0,0.00048913,0.00048913,0.0505881
6,635.425,1.006,1.42826,3.47773,1.02996,0,0.73597,0.7653,0.78919,0.60111,0.71144,0.7338,0.73807,0.47495,1.1155,1.72402,3.65359,1.12461,0,0.000584184,0.000584184,0.0406832
7,735.66,0.98575,1.4344,3.33562,1.01796,0,0.76489,0.73863,0.79012,0.60399,0.7661,0.7212,0.77854,0.52749,1.10154,1.51799,3.4894,1.10516,0,0.000678249,0.000678249,0.0307773
8,835.918,0.97943,1.4066,3.23828,1.01851,0,0.74608,0.73099,0.79262,0.61948,0.73325,0.71372,0.77175,0.52195,1.11195,1.56238,3.66041,1.10973,0,0.000771324,0.000771324,0.0208703
9,934.872,0.97177,1.37745,3.22889,1.00888,0,0.68928,0.68361,0.70923,0.54669,0.67171,0.63986,0.67524,0.43694,1.15206,1.96783,3.95198,1.11925,0,0.000863409,0.000863409,0.0109624
10,1034.66,0.98113,1.3807,3.2223,1.01458,0,0.62024,0.5983,0.62759,0.47248,0.60275,0.58045,0.60145,0.3842,1.13644,1.78095,4.59706,1.12634,0,0.000954504,0.000954504,0.00105351
11,1134.12,0.97131,1.36763,3.22575,1.01431,0,0.80468,0.81894,0.86031,0.66888,0.81198,0.81135,0.85662,0.60398,1.05371,1.44556,3.27743,1.06477,0,0.0009505,0.0009505,0.0009505
12,1233.29,0.94735,1.34105,3.00673,0.99699,0,0.8244,0.80774,0.85999,0.68399,0.81011,0.7978,0.84792,0.57797,1.08229,1.55481,3.21032,1.07801,0,0.00094555,0.00094555,0.00094555
13,1331.93,0.93478,1.32072,2.97145,0.99094,0,0.7949,0.81521,0.85142,0.66965,0.78832,0.79266,0.83366,0.58424,1.07956,1.569,3.17766,1.08132,0,0.0009406,0.0009406,0.0009406
14,1431.26,0.91425,1.29186,2.92434,0.98792,0,0.74235,0.7362,0.7767,0.6212,0.72269,0.72011,0.75524,0.5274,1.07825,1.52112,3.42602,1.06486,0,0.00093565,0.00093565,0.00093565
15,1530.9,0.92953,1.2932,2.87388,0.98627,0,0.85019,0.80377,0.87143,0.69641,0.84694,0.79069,0.86303,0.62606,1.03946,1.44224,3.06404,1.05335,0,0.0009307,0.0009307,0.0009307
16,1629.99,0.9222,1.31208,2.8713,0.9843,0,0.75949,0.74241,0.79945,0.62894,0.76275,0.71924,0.7791,0.51728,1.07807,1.6161,3.52076,1.08238,0,0.00092575,0.00092575,0.00092575
17,1731.58,0.92484,1.29565,2.88702,0.99289,0,0.81936,0.85849,0.88946,0.71798,0.8087,0.85827,0.87836,0.63295,1.0326,1.41822,3.09409,1.08026,0,0.0009208,0.0009208,0.0009208
18,1831.52,0.91768,1.27899,2.85169,0.98533,0,0.77487,0.76319,0.81831,0.64149,0.79461,0.72447,0.79428,0.53422,1.07046,1.50062,3.27487,1.08171,0,0.00091585,0.00091585,0.00091585
19,1930.02,0.90872,1.27202,2.79242,0.97981,0,0.81919,0.82906,0.85988,0.71425,0.82362,0.8195,0.8558,0.62799,0.98857,1.39015,2.90272,1.03835,0,0.0009109,0.0009109,0.0009109
20,2030.05,0.88756,1.25753,2.76867,0.97639,0,0.79913,0.75722,0.82473,0.67141,0.78614,0.74393,0.80356,0.57728,1.05779,1.58468,3.18379,1.03936,0,0.00090595,0.00090595,0.00090595
21,2129.96,0.87608,1.19289,2.67503,0.96721,0,0.8447,0.85034,0.89705,0.72006,0.83091,0.82955,0.87162,0.62637,1.07674,1.43767,2.9475,1.07532,0,0.000901,0.000901,0.000901
22,2227.99,0.87183,1.1978,2.59971,0.96627,0,0.66925,0.7263,0.73569,0.5759,0.65202,0.72054,0.71826,0.47789,1.07844,1.56563,3.8114,1.06864,0,0.00089605,0.00089605,0.00089605
23,2327.41,0.88327,1.24298,2.65033,0.96337,0,0.80299,0.80472,0.84139,0.67281,0.79584,0.77086,0.81548,0.56645,1.03411,1.52359,3.07369,1.03574,0,0.0008911,0.0008911,0.0008911
24,2427.25,0.86919,1.23029,2.63872,0.9621,0,0.8054,0.85781,0.87794,0.7231,0.78701,0.84532,0.86448,0.63291,0.97195,1.37132,2.87882,1.02622,0,0.00088615,0.00088615,0.00088615
25,2526.19,0.86109,1.22668,2.59727,0.96096,0,0.82522,0.86781,0.88264,0.71963,0.82357,0.84372,0.86991,0.64427,1.02795,1.40639,2.81731,1.04211,0,0.0008812,0.0008812,0.0008812
26,2624.08,0.84853,1.18738,2.53723,0.95604,0,0.85693,0.81753,0.88004,0.72048,0.8049,0.85565,0.86501,0.62968,1.01081,1.34552,2.8615,1.046,0,0.00087625,0.00087625,0.00087625
27,2724.9,0.85293,1.20226,2.52526,0.9581,0,0.83089,0.8481,0.86489,0.71036,0.81268,0.83079,0.8447,0.62894,0.98253,1.33349,2.85906,1.01989,0,0.0008713,0.0008713,0.0008713
28,2823.81,0.83743,1.16208,2.50233,0.95249,0,0.85229,0.83546,0.87035,0.71977,0.8414,0.82586,0.85981,0.63308,0.98704,1.37748,2.77653,1.02339,0,0.00086635,0.00086635,0.00086635
29,2925.23,0.82979,1.16216,2.44005,0.94581,0,0.82014,0.86531,0.883,0.7388,0.81865,0.83371,0.86505,0.64498,0.98242,1.40761,2.68678,1.02488,0,0.0008614,0.0008614,0.0008614
30,3024.44,0.83077,1.17134,2.44062,0.94762,0,0.85897,0.85653,0.89347,0.73568,0.84255,0.84074,0.87457,0.64734,0.99584,1.33756,2.77642,1.02049,0,0.00085645,0.00085645,0.00085645
31,3125.98,0.83072,1.15508,2.42198,0.94791,0,0.8679,0.8315,0.88858,0.745,0.85635,0.81858,0.86911,0.63799,0.95827,1.31081,2.71308,1.0122,0,0.0008515,0.0008515,0.0008515
32,3226.64,0.83097,1.14096,2.41796,0.94493,0,0.85175,0.82901,0.87554,0.7435,0.84363,0.8129,0.86708,0.65686,0.94286,1.29952,2.76493,1.01289,0,0.00084655,0.00084655,0.00084655
33,3325.68,0.82505,1.15325,2.39915,0.94473,0,0.80361,0.87343,0.87016,0.72288,0.7946,0.86231,0.85562,0.62855,0.9876,1.32835,2.79951,1.00862,0,0.0008416,0.0008416,0.0008416
34,3425.12,0.82535,1.17121,2.41736,0.94593,0,0.86795,0.84743,0.87684,0.73086,0.86234,0.82939,0.86376,0.64864,0.97823,1.29961,2.72829,1.01471,0,0.00083665,0.00083665,0.00083665
35,3524.7,0.82614,1.15251,2.36955,0.94411,0,0.84179,0.8826,0.89947,0.76002,0.82554,0.86862,0.88314,0.6704,0.93671,1.29727,2.62993,0.99308,0,0.0008317,0.0008317,0.0008317
36,3624.27,0.82639,1.15146,2.39569,0.94141,0,0.83607,0.88102,0.89054,0.72987,0.82355,0.86651,0.87606,0.63044,0.98321,1.40768,2.68602,1.02151,0,0.00082675,0.00082675,0.00082675
37,3721.96,0.81824,1.13303,2.34274,0.94344,0,0.8325,0.87623,0.87093,0.72368,0.81413,0.86007,0.85282,0.62682,0.99337,1.24374,2.67238,1.01553,0,0.0008218,0.0008218,0.0008218
38,3821.19,0.81498,1.12172,2.34303,0.94431,0,0.87832,0.86912,0.89236,0.75264,0.87145,0.84735,0.87178,0.65651,0.92085,1.27307,2.59426,0.99862,0,0.00081685,0.00081685,0.00081685
39,3919.62,0.81735,1.12444,2.35635,0.93969,0,0.83289,0.87128,0.88952,0.74527,0.81337,0.85211,0.86797,0.64579,0.94921,1.3911,2.66592,1.00078,0,0.0008119,0.0008119,0.0008119
40,4019.69,0.81437,1.08863,2.28375,0.93636,0,0.74894,0.71458,0.74645,0.61234,0.73187,0.70078,0.73118,0.50787,0.99585,1.47425,3.62971,1.02683,0,0.00080695,0.00080695,0.00080695
41,4121.1,0.79129,1.0906,2.26492,0.93307,0,0.84593,0.85061,0.8818,0.7447,0.84104,0.83051,0.86296,0.64477,0.94777,1.3673,2.64274,1.00447,0,0.000802,0.000802,0.000802
42,4219.62,0.80171,1.11151,2.28312,0.93149,0,0.88771,0.84016,0.89387,0.76169,0.87735,0.82392,0.8792,0.66424,0.93988,1.28066,2.55794,0.98692,0,0.00079705,0.00079705,0.00079705
43,4320.56,0.78279,1.06915,2.22985,0.93311,0,0.86109,0.85748,0.89356,0.75379,0.84017,0.84033,0.87645,0.65517,0.96479,1.32173,2.66667,1.01676,0,0.0007921,0.0007921,0.0007921
44,4421.66,0.7864,1.08342,2.2234,0.92786,0,0.8501,0.87103,0.89974,0.75389,0.83944,0.84989,0.88053,0.66212,0.95583,1.32492,2.58612,1.01156,0,0.00078715,0.00078715,0.00078715
45,4521.85,0.79989,1.12047,2.25949,0.93304,0,0.84924,0.83115,0.88061,0.74325,0.84417,0.81141,0.87008,0.64704,0.94323,1.45334,2.74458,1.01438,0,0.0007822,0.0007822,0.0007822
46,4621.02,0.79726,1.0919,2.25407,0.93159,0,0.85664,0.89717,0.90495,0.76693,0.84917,0.86949,0.88587,0.66741,0.94053,1.28409,2.56261,1.0062,0,0.00077725,0.00077725,0.00077725
47,4721.58,0.78098,1.08166,2.20869,0.92441,0,0.84966,0.85414,0.9008,0.76489,0.83648,0.83926,0.88415,0.66617,0.92964,1.35178,2.57788,0.99549,0,0.0007723,0.0007723,0.0007723
48,4825.27,0.78868,1.10219,2.227,0.92246,0,0.80341,0.84411,0.86174,0.71367,0.78922,0.82146,0.83886,0.62042,0.95395,1.49334,2.65936,1.00083,0,0.00076735,0.00076735,0.00076735
49,4925.09,0.78936,1.09254,2.19274,0.93151,0,0.85928,0.8884,0.91359,0.76934,0.83981,0.86962,0.89336,0.66428,0.94667,1.28788,2.51528,1.00372,0,0.0007624,0.0007624,0.0007624
50,5025.04,0.77847,1.08254,2.18198,0.92349,0,0.87413,0.87661,0.9173,0.78129,0.8936,0.841,0.90171,0.68564,0.93491,1.30903,2.52718,0.99606,0,0.00075745,0.00075745,0.00075745
51,5124.14,0.77596,1.07054,2.17425,0.92552,0,0.85678,0.88927,0.91044,0.7729,0.83996,0.87127,0.88992,0.67773,0.9209,1.26054,2.58943,0.98717,0,0.0007525,0.0007525,0.0007525
52,5219.64,0.76045,1.04953,2.14565,0.92178,0,0.85699,0.90154,0.905,0.76919,0.84223,0.88232,0.8896,0.67877,0.90768,1.32987,2.45291,0.99486,0,0.00074755,0.00074755,0.00074755
53,5318.62,0.76628,1.06254,2.16384,0.92195,0,0.87886,0.86877,0.90299,0.77133,0.86449,0.85619,0.89071,0.68024,0.91059,1.29895,2.60725,0.98821,0,0.0007426,0.0007426,0.0007426
54,5419.47,0.7817,1.09802,2.17286,0.92478,0,0.86413,0.86885,0.88393,0.74799,0.85041,0.8559,0.86689,0.66417,0.90789,1.27125,2.49002,0.99271,0,0.00073765,0.00073765,0.00073765
55,5519.97,0.77761,1.04172,2.1531,0.92374,0,0.8709,0.84346,0.88231,0.75001,0.86254,0.82823,0.87065,0.65408,0.91028,1.21299,2.51353,0.99188,0,0.0007327,0.0007327,0.0007327
56,5619.8,0.76601,1.04004,2.10129,0.92185,0,0.85733,0.87645,0.88626,0.7573,0.86787,0.83436,0.86462,0.65358,0.90571,1.25035,2.55487,0.99332,0,0.00072775,0.00072775,0.00072775
57,5719.93,0.75632,1.02979,2.0883,0.91802,0,0.87953,0.88242,0.91462,0.78406,0.87967,0.86256,0.89715,0.68101,0.90066,1.25159,2.41324,0.98209,0,0.0007228,0.0007228,0.0007228
58,5821.83,0.75389,1.02669,2.07943,0.91896,0,0.87618,0.89244,0.90441,0.77559,0.86317,0.87423,0.8927,0.68448,0.90018,1.23983,2.48694,0.98295,0,0.00071785,0.00071785,0.00071785
59,5922.17,0.75443,1.04454,2.0886,0.91683,0,0.85576,0.88822,0.88608,0.76653,0.84585,0.87405,0.87718,0.67374,0.89171,1.29643,2.48089,0.98373,0,0.0007129,0.0007129,0.0007129
60,6021.2,0.75853,1.04291,2.08264,0.91519,0,0.81732,0.86418,0.87371,0.73357,0.81744,0.83497,0.85865,0.63773,0.96474,1.29545,2.65475,1.00938,0,0.00070795,0.00070795,0.00070795
61,6121.86,0.74241,1.04091,2.01815,0.91005,0,0.86942,0.85495,0.90312,0.76699,0.86818,0.83088,0.88488,0.674,0.94194,1.41872,2.48162,0.99223,0,0.000703,0.000703,0.000703
62,6224.1,0.75014,1.05219,2.04884,0.91151,0,0.8617,0.89058,0.91175,0.77069,0.84866,0.87167,0.88891,0.67337,0.91605,1.30463,2.388,0.98883,0,0.00069805,0.00069805,0.00069805
63,6326.51,0.74874,1.0542,2.07137,0.90951,0,0.85685,0.89414,0.89912,0.7675,0.85444,0.87501,0.8837,0.66745,0.91434,1.27746,2.45516,0.98631,0,0.0006931,0.0006931,0.0006931
64,6427.38,0.75328,1.05114,2.05632,0.91104,0,0.86895,0.87469,0.90044,0.77017,0.87248,0.85377,0.88418,0.66162,0.91221,1.31642,2.51594,0.98332,0,0.00068815,0.00068815,0.00068815
65,6527.32,0.74263,1.0156,2.04085,0.91502,0,0.85609,0.87454,0.8944,0.76832,0.85719,0.86049,0.89266,0.67372,0.90412,1.28581,2.45089,0.97364,0,0.0006832,0.0006832,0.0006832
66,6626.32,0.74504,1.02804,2.03186,0.91623,0,0.88407,0.8906,0.91122,0.77549,0.87875,0.86375,0.89013,0.66664,0.91964,1.26431,2.40735,0.98184,0,0.00067825,0.00067825,0.00067825
67,6726.37,0.73458,1.04087,2.03419,0.9148,0,0.85802,0.86532,0.89009,0.76604,0.85754,0.83918,0.87123,0.6588,0.90543,1.27713,2.48059,0.97988,0,0.0006733,0.0006733,0.0006733
68,6825.19,0.74333,1.0172,2.0321,0.9121,0,0.83445,0.83047,0.85584,0.73269,0.82158,0.81516,0.83823,0.62368,0.93576,1.35386,2.48855,0.98834,0,0.00066835,0.00066835,0.00066835
69,6924.74,0.73235,1.02127,1.9925,0.90843,0,0.8781,0.8848,0.91533,0.78961,0.87062,0.86174,0.89754,0.69475,0.87914,1.20676,2.34015,0.9815,0,0.0006634,0.0006634,0.0006634
70,7023.62,0.73038,0.9898,1.97398,0.9037,0,0.8773,0.8843,0.90352,0.77827,0.86737,0.87437,0.89424,0.68436,0.88789,1.26367,2.31086,0.97236,0,0.00065845,0.00065845,0.00065845
71,7123.95,0.73118,1.01279,1.98456,0.90656,0,0.87687,0.84827,0.89375,0.75828,0.86201,0.82921,0.87121,0.6579,0.91858,1.33686,2.47607,0.97941,0,0.0006535,0.0006535,0.0006535
72,7225.36,0.73195,1.0035,1.99648,0.90743,0,0.86987,0.87602,0.90554,0.77249,0.86505,0.86014,0.88777,0.6719,0.92247,1.30483,2.40721,0.98437,0,0.00064855,0.00064855,0.00064855
73,7325.4,0.72806,1.02432,1.98018,0.90624,0,0.85268,0.88811,0.89487,0.76961,0.8384,0.87108,0.87903,0.67273,0.87533,1.25487,2.38684,0.97697,0,0.0006436,0.0006436,0.0006436
74,7423.95,0.71361,0.98899,1.92723,0.90689,0,0.88432,0.87333,0.90382,0.7743,0.87308,0.8569,0.88799,0.68054,0.89487,1.26137,2.35506,0.97639,0,0.00063865,0.00063865,0.00063865
75,7524.41,0.71876,0.97892,1.94751,0.90214,0,0.88905,0.87852,0.91023,0.77626,0.86855,0.85497,0.88997,0.67355,0.90998,1.26524,2.4527,0.97303,0,0.0006337,0.0006337,0.0006337
76,7624.58,0.71576,0.98672,1.94766,0.90544,0,0.86887,0.88882,0.91118,0.77889,0.87925,0.84918,0.89291,0.68528,0.89517,1.26642,2.43605,0.98343,0,0.00062875,0.00062875,0.00062875
77,7724.65,0.71825,0.97515,1.96149,0.90187,0,0.87663,0.88138,0.9007,0.76865,0.8629,0.8643,0.88549,0.6714,0.90183,1.32251,2.428,0.98587,0,0.0006238,0.0006238,0.0006238
78,7826.44,0.73207,1.02476,1.99391,0.91058,0,0.86428,0.89549,0.9004,0.76963,0.86081,0.86938,0.89338,0.67358,0.91452,1.31103,2.35138,0.98895,0,0.00061885,0.00061885,0.00061885
79,7927.65,0.7168,1.00131,1.94539,0.90308,0,0.88635,0.86781,0.90388,0.77311,0.87242,0.83659,0.88218,0.67375,0.8892,1.28707,2.34191,0.97266,0,0.0006139,0.0006139,0.0006139
80,8029,0.71281,0.98352,1.90692,0.90008,0,0.87173,0.88266,0.90069,0.7712,0.87361,0.86374,0.89233,0.68214,0.86788,1.24824,2.31131,0.97186,0,0.00060895,0.00060895,0.00060895
81,8127.72,0.70983,0.97092,1.93558,0.90372,0,0.87397,0.89595,0.9107,0.7796,0.85633,0.876,0.89052,0.69037,0.89841,1.2559,2.39171,0.9814,0,0.000604,0.000604,0.000604
82,8227.17,0.69858,0.92796,1.87219,0.89666,0,0.88281,0.891,0.91023,0.782,0.87257,0.87118,0.88719,0.68525,0.88049,1.41847,2.28113,0.97992,0,0.00059905,0.00059905,0.00059905
83,8327.55,0.70713,0.96743,1.90791,0.90212,0,0.88652,0.87283,0.9076,0.78208,0.86389,0.85081,0.88302,0.67095,0.87753,1.29628,2.35205,0.96875,0,0.0005941,0.0005941,0.0005941
84,8426.45,0.70479,0.95913,1.9138,0.90102,0,0.86523,0.89593,0.89934,0.77194,0.88681,0.85134,0.88558,0.67499,0.89309,1.28509,2.40749,0.9841,0,0.00058915,0.00058915,0.00058915
85,8526.08,0.70379,0.9762,1.9047,0.89753,0,0.89835,0.89668,0.91597,0.78648,0.89517,0.8689,0.89623,0.6957,0.89203,1.3631,2.30182,0.97376,0,0.0005842,0.0005842,0.0005842
86,8628.66,0.70088,0.96777,1.87104,0.89751,0,0.86519,0.87558,0.8961,0.76566,0.85382,0.85706,0.87992,0.66759,0.89164,1.35381,2.39194,0.97931,0,0.00057925,0.00057925,0.00057925
87,8728.07,0.69924,0.94449,1.89727,0.90197,0,0.86754,0.89436,0.90745,0.78458,0.88333,0.8533,0.89232,0.688,0.86563,1.26448,2.36809,0.9649,0,0.0005743,0.0005743,0.0005743
88,8829.42,0.6802,0.9467,1.82662,0.89289,0,0.88731,0.88658,0.90272,0.78094,0.87296,0.8649,0.88163,0.682,0.86242,1.33161,2.27058,0.9648,0,0.00056935,0.00056935,0.00056935
89,8931.35,0.69545,0.95526,1.86426,0.89471,0,0.89834,0.87979,0.90671,0.7851,0.88774,0.86236,0.89161,0.68668,0.8506,1.21499,2.23713,0.95858,0,0.0005644,0.0005644,0.0005644
90,9033.14,0.69654,0.95133,1.86525,0.8947,0,0.87936,0.87288,0.89732,0.76911,0.86236,0.84923,0.87637,0.6694,0.89873,1.34344,2.33125,0.97481,0,0.00055945,0.00055945,0.00055945
91,9132.51,0.68387,0.93064,1.83774,0.89202,0,0.88417,0.88298,0.90536,0.77933,0.8714,0.86839,0.88781,0.6871,0.87916,1.2666,2.27647,0.96824,0,0.0005545,0.0005545,0.0005545
92,9234.48,0.68069,0.93353,1.81853,0.89426,0,0.87121,0.88372,0.9167,0.78845,0.87047,0.84891,0.89237,0.68386,0.88782,1.28981,2.24354,0.9732,0,0.00054955,0.00054955,0.00054955
93,9333.79,0.68835,0.93861,1.81834,0.89461,0,0.88625,0.88585,0.91233,0.78879,0.86992,0.86506,0.89159,0.6871,0.89118,1.33101,2.2866,0.9688,0,0.0005446,0.0005446,0.0005446
94,9435.4,0.68392,0.94134,1.82092,0.89138,0,0.90997,0.88443,0.92524,0.8001,0.8949,0.86715,0.90465,0.70803,0.86786,1.29796,2.26255,0.97012,0,0.00053965,0.00053965,0.00053965
95,9534.73,0.67966,0.93453,1.81321,0.89428,0,0.86038,0.86526,0.89722,0.77778,0.86446,0.84128,0.87746,0.68343,0.85267,1.27314,2.3216,0.95792,0,0.0005347,0.0005347,0.0005347
96,9634.78,0.68718,0.93811,1.83696,0.89373,0,0.88221,0.88533,0.91353,0.79186,0.8672,0.8714,0.88957,0.68365,0.87332,1.34461,2.27048,0.96846,0,0.00052975,0.00052975,0.00052975
97,9737.21,0.68101,0.94722,1.82476,0.89417,0,0.89788,0.89331,0.91971,0.79993,0.88982,0.87217,0.90407,0.71146,0.885,1.32685,2.27617,0.9706,0,0.0005248,0.0005248,0.0005248
98,9836.19,0.67726,0.91384,1.82245,0.89329,0,0.87094,0.88463,0.90249,0.79014,0.86018,0.86758,0.88666,0.69217,0.85354,1.29158,2.30915,0.95593,0,0.00051985,0.00051985,0.00051985
99,9936.89,0.68736,0.95385,1.80455,0.88975,0,0.90277,0.87118,0.91215,0.7751,0.8924,0.84848,0.88881,0.67173,0.90563,1.27494,2.27453,0.98412,0,0.0005149,0.0005149,0.0005149
100,10036.5,0.67993,0.90712,1.80747,0.89168,0,0.87913,0.88581,0.90958,0.79064,0.85775,0.86708,0.88997,0.68333,0.8708,1.32549,2.26637,0.96645,0,0.00050995,0.00050995,0.00050995
101,10134.9,0.67307,0.90076,1.78681,0.88962,0,0.89122,0.88264,0.89934,0.78284,0.87547,0.86286,0.8776,0.68151,0.87707,1.40472,2.24784,0.96962,0,0.000505,0.000505,0.000505
102,10235.5,0.66007,0.90018,1.77102,0.88717,0,0.88252,0.90759,0.91291,0.78842,0.86374,0.88902,0.88983,0.68659,0.89288,1.42546,2.2889,0.9795,0,0.00050005,0.00050005,0.00050005
103,10337.2,0.67831,0.93608,1.81353,0.88921,0,0.8955,0.9062,0.93288,0.80438,0.8788,0.8838,0.91107,0.70785,0.88356,1.37343,2.23769,0.97405,0,0.0004951,0.0004951,0.0004951
104,10437.6,0.66736,0.90235,1.75936,0.88341,0,0.89312,0.88189,0.90735,0.78832,0.87497,0.85855,0.88608,0.68556,0.88951,1.35459,2.21827,0.96982,0,0.00049015,0.00049015,0.00049015
105,10537.3,0.65751,0.88552,1.73623,0.88232,0,0.90055,0.88027,0.91354,0.79468,0.88523,0.85917,0.89195,0.68972,0.88013,1.37141,2.24387,0.9621,0,0.0004852,0.0004852,0.0004852
106,10636.3,0.65975,0.89946,1.76085,0.88847,0,0.88784,0.85548,0.90114,0.77537,0.88042,0.82931,0.87723,0.66375,0.92597,1.41959,2.32667,0.97338,0,0.00048025,0.00048025,0.00048025
107,10735.5,0.66584,0.88566,1.77371,0.88775,0,0.90436,0.87877,0.90711,0.78122,0.88688,0.85799,0.88714,0.67943,0.89544,1.39757,2.2974,0.96913,0,0.0004753,0.0004753,0.0004753
108,10836.5,0.65846,0.90093,1.76103,0.88608,0,0.88336,0.88348,0.90759,0.791,0.87134,0.86008,0.88636,0.6863,0.84575,1.25021,2.21622,0.95057,0,0.00047035,0.00047035,0.00047035
109,10936.7,0.66266,0.88428,1.74656,0.88749,0,0.89887,0.88148,0.91252,0.79029,0.89238,0.85634,0.88884,0.68816,0.87377,1.34799,2.18169,0.97043,0,0.0004654,0.0004654,0.0004654
110,11037.7,0.65021,0.90394,1.71171,0.88292,0,0.91478,0.87611,0.91006,0.79004,0.90443,0.85575,0.88983,0.68709,0.85547,1.31246,2.17308,0.94889,0,0.00046045,0.00046045,0.00046045
111,11139.5,0.65886,0.9018,1.72839,0.88493,0,0.88861,0.88786,0.91547,0.79428,0.86828,0.86362,0.89159,0.6896,0.88437,1.3104,2.22663,0.96718,0,0.0004555,0.0004555,0.0004555
112,11239.7,0.65397,0.89619,1.72664,0.88598,0,0.87166,0.90836,0.91325,0.79227,0.85241,0.87911,0.88887,0.68855,0.86032,1.38956,2.23852,0.96813,0,0.00045055,0.00045055,0.00045055
113,11340.3,0.65064,0.87629,1.71246,0.88065,0,0.87645,0.88121,0.90164,0.78355,0.86544,0.85725,0.87737,0.68094,0.86365,1.48612,2.269,0.96736,0,0.0004456,0.0004456,0.0004456
114,11440,0.64653,0.88763,1.7255,0.88322,0,0.89068,0.88928,0.90921,0.79013,0.87848,0.8651,0.88888,0.69046,0.86305,1.33843,2.22761,0.96504,0,0.00044065,0.00044065,0.00044065
115,11539.3,0.65167,0.88126,1.721,0.88378,0,0.88947,0.88158,0.90545,0.78544,0.87415,0.86391,0.88491,0.6906,0.87908,1.38955,2.25463,0.96569,0,0.0004357,0.0004357,0.0004357
116,11640.3,0.64392,0.88139,1.71257,0.8799,0,0.89678,0.88241,0.91407,0.79107,0.88856,0.85408,0.88871,0.68433,0.88935,1.35241,2.26328,0.97064,0,0.00043075,0.00043075,0.00043075
117,11740.8,0.64957,0.88694,1.71939,0.88413,0,0.89483,0.88391,0.90944,0.79176,0.87967,0.86398,0.88922,0.68658,0.83785,1.3475,2.21691,0.95543,0,0.0004258,0.0004258,0.0004258
118,11841.7,0.64948,0.88583,1.72259,0.88335,0,0.90822,0.88189,0.91778,0.79482,0.89721,0.8629,0.89705,0.68894,0.87675,1.39772,2.19598,0.96196,0,0.00042085,0.00042085,0.00042085
119,11941.9,0.64793,0.894,1.71944,0.88468,0,0.89111,0.90261,0.91416,0.78557,0.87549,0.8771,0.89542,0.6875,0.8721,1.33056,2.23054,0.96491,0,0.0004159,0.0004159,0.0004159
120,12041,0.64529,0.86732,1.69977,0.88184,0,0.90204,0.8891,0.90498,0.78319,0.90082,0.85823,0.88597,0.68509,0.8781,1.43192,2.20339,0.96663,0,0.00041095,0.00041095,0.00041095
121,12141.7,0.64394,0.87242,1.68103,0.87974,0,0.89987,0.88903,0.91213,0.7942,0.88323,0.869,0.8919,0.68972,0.86113,1.34227,2.22807,0.95643,0,0.000406,0.000406,0.000406
122,12243,0.63224,0.84078,1.67045,0.88053,0,0.89022,0.88972,0.91711,0.80081,0.8719,0.87192,0.8998,0.70023,0.85902,1.34585,2.15093,0.96218,0,0.00040105,0.00040105,0.00040105
123,12342.5,0.63226,0.8355,1.66338,0.87772,0,0.87777,0.88076,0.9042,0.78235,0.87584,0.84836,0.87825,0.6811,0.87404,1.3304,2.21702,0.96364,0,0.0003961,0.0003961,0.0003961
124,12442.1,0.63679,0.86643,1.66584,0.87691,0,0.87843,0.87823,0.90194,0.77909,0.86228,0.86251,0.88318,0.68298,0.86778,1.40689,2.23431,0.96976,0,0.00039115,0.00039115,0.00039115
125,12542.4,0.64257,0.87449,1.67687,0.88036,0,0.87766,0.89765,0.90914,0.79085,0.89853,0.8512,0.89083,0.69358,0.86185,1.42987,2.20527,0.96769,0,0.0003862,0.0003862,0.0003862
126,12644.7,0.64078,0.88108,1.67718,0.87557,0,0.88805,0.89045,0.91273,0.79589,0.87086,0.87074,0.8924,0.69286,0.84897,1.38357,2.14424,0.95725,0,0.00038125,0.00038125,0.00038125
127,12745.9,0.63231,0.87172,1.65466,0.87423,0,0.90581,0.89223,0.91265,0.79855,0.88973,0.87378,0.8977,0.69616,0.84179,1.36773,2.16974,0.95439,0,0.0003763,0.0003763,0.0003763
128,12845.5,0.62961,0.85224,1.65397,0.87548,0,0.89173,0.88452,0.90876,0.79438,0.87834,0.86444,0.88849,0.68928,0.86191,1.41277,2.17395,0.95538,0,0.00037135,0.00037135,0.00037135
129,12946.7,0.62592,0.84526,1.6464,0.87631,0,0.90165,0.88901,0.90933,0.79594,0.88797,0.87082,0.89277,0.69769,0.84902,1.39606,2.13237,0.95556,0,0.0003664,0.0003664,0.0003664
130,13048.9,0.62326,0.83476,1.63376,0.87634,0,0.8993,0.88601,0.90715,0.7916,0.88427,0.86681,0.88607,0.68597,0.85497,1.54266,2.18067,0.95462,0,0.00036145,0.00036145,0.00036145
131,13148.6,0.62261,0.84351,1.63787,0.87633,0,0.90016,0.88907,0.91234,0.79191,0.88383,0.87301,0.89224,0.6936,0.85686,1.34861,2.17171,0.96516,0,0.0003565,0.0003565,0.0003565
132,13249.1,0.62533,0.85333,1.63703,0.87261,0,0.92325,0.87284,0.91086,0.79197,0.90843,0.85359,0.89045,0.68863,0.87171,1.41083,2.19062,0.96113,0,0.00035155,0.00035155,0.00035155
133,13351.3,0.61829,0.84136,1.6329,0.8745,0,0.9066,0.88867,0.91026,0.79607,0.89429,0.87453,0.89376,0.69491,0.83386,1.44151,2.19016,0.9579,0,0.0003466,0.0003466,0.0003466
134,13453.3,0.62072,0.84798,1.6219,0.87191,0,0.90902,0.88783,0.9047,0.79083,0.897,0.87235,0.88595,0.68573,0.86716,1.47222,2.20813,0.96126,0,0.00034165,0.00034165,0.00034165
135,13555.3,0.62755,0.87726,1.63084,0.87679,0,0.90408,0.87881,0.9126,0.79817,0.89405,0.86033,0.89142,0.69647,0.85658,1.39542,2.17366,0.95697,0,0.0003367,0.0003367,0.0003367
136,13656.2,0.62123,0.84036,1.62219,0.87331,0,0.90731,0.89895,0.91803,0.80041,0.89411,0.8786,0.89601,0.69408,0.88155,1.52058,2.15968,0.96575,0,0.00033175,0.00033175,0.00033175
137,13755.7,0.60318,0.81816,1.57471,0.86968,0,0.91121,0.89224,0.91682,0.80233,0.90034,0.87661,0.89943,0.70403,0.85043,1.44478,2.1308,0.95285,0,0.0003268,0.0003268,0.0003268
138,13858,0.61407,0.83022,1.60528,0.87089,0,0.88987,0.89744,0.9091,0.78557,0.88289,0.87639,0.88896,0.68904,0.87171,1.45628,2.24592,0.97223,0,0.00032185,0.00032185,0.00032185
139,13959.7,0.61072,0.82118,1.59841,0.87324,0,0.89067,0.88092,0.90876,0.79153,0.88245,0.85704,0.88788,0.6907,0.84628,1.37227,2.20749,0.95447,0,0.0003169,0.0003169,0.0003169
140,14057.2,0.60141,0.82606,1.57793,0.87141,0,0.90741,0.88301,0.91834,0.80422,0.89206,0.86503,0.89806,0.70057,0.86188,1.38552,2.16737,0.9617,0,0.00031195,0.00031195,0.00031195
141,14160.6,0.61498,0.82923,1.59531,0.87356,0,0.90691,0.89247,0.92085,0.80467,0.89607,0.88407,0.90535,0.70718,0.84931,1.48945,2.13753,0.96049,0,0.000307,0.000307,0.000307
142,14261.6,0.61059,0.81715,1.6102,0.8734,0,0.91486,0.87815,0.91903,0.8032,0.89848,0.86378,0.90084,0.70332,0.85275,1.40066,2.10362,0.95901,0,0.00030205,0.00030205,0.00030205
143,14361.3,0.61359,0.83228,1.59617,0.87244,0,0.89114,0.8836,0.91497,0.79669,0.87867,0.8655,0.89599,0.69721,0.86174,1.38179,2.17338,0.9628,0,0.0002971,0.0002971,0.0002971
